<?xml version="1.0" encoding="UTF-8" standalone="yes"?>
<addon id="service.jellyskip" name="Jellyskip" version="1.1.0" provider-name="Jalau">
	<requires>
        <import addon="xbmc.python" version="3.0.0"/>
	</requires>
	<extension point="xbmc.service" library="resources/lib/service.py"/>
	<extension point="xbmc.python.script" library="addon.py">
		<provides>executable</provides>
	</extension>
	<extension point="xbmc.addon.metadata">
		<platform>all</platform>
		<summary lang="en">Interact with Jellyfin Media Segments</summary>
		<description lang="en">Skip Jellyfin media segements with the click of a button</description>
		<license>GNU General Public License, v2</license>
		<language></language>
		<assets>
			<icon>icon.png</icon>
			<fanart>fanart.jpg</fanart>
			<screenshot>resources/screenshot-01.jpg</screenshot>
			<screenshot>resources/screenshot-02.jpg</screenshot>
			<screenshot>resources/screenshot-03.jpg</screenshot>
		</assets>
		<news>v1.1.0: Add Auto Skip feature, fix replay/seek-back detection, 5s delay on initial play</news>
	</extension>
</addon>
