<?xml version="1.0" encoding="UTF-8" standalone="yes"?>
<addon id="repository.andy2244" name="Andy2244's Repository" version="1.0.1" provider-name="Andy2244">
    <extension point="xbmc.addon.repository" name="Andy2244's Repository">
        <dir>
            <info compressed="false">https://raw.githubusercontent.com/Andy2244/kodi-repo/main/zips/addons.xml</info>
            <checksum>https://raw.githubusercontent.com/Andy2244/kodi-repo/main/zips/addons.xml.md5</checksum>
            <datadir zip="true">https://raw.githubusercontent.com/Andy2244/kodi-repo/main/zips</datadir>
        </dir>
    </extension>
    <extension point="xbmc.addon.metadata">
        <platform>all</platform>
        <summary lang="en">Andy2244's Kodi Repository</summary>
        <description lang="en">Repository for Kodi addons maintained by Andy2244, including Jellyskip.</description>
        <assets>
            <icon>icon.png</icon>
        </assets>
    </extension>
</addon>
